{
  "__type__": "cc.SpriteFrame",
  "content": {
    "name": "star_60",
    "atlas": "",
    "rect": {
      "x": 4,
      "y": 4,
      "width": 52,
      "height": 49
    },
    "offset": {
      "x": 0,
      "y": 1.5
    },
    "originalSize": {
      "width": 60,
      "height": 60
    },
    "rotated": false,
    "capInsets": [
      0,
      0,
      0,
      0
    ],
    "vertices": {
      "rawPosition": [
        -26,
        -24.5,
        0,
        26,
        -24.5,
        0,
        -26,
        24.5,
        0,
        26,
        24.5,
        0
      ],
      "indexes": [
        0,
        1,
        2,
        2,
        1,
        3
      ],
      "uv": [
        4,
        56,
        56,
        56,
        4,
        7,
        56,
        7
      ],
      "nuv": [
        0.06666666666666667,
        0.11666666666666667,
        0.9333333333333333,
        0.11666666666666667,
        0.06666666666666667,
        0.9333333333333333,
        0.9333333333333333,
        0.9333333333333333
      ],
      "minPos": {
        "x": -26,
        "y": -24.5,
        "z": 0
      },
      "maxPos": {
        "x": 26,
        "y": 24.5,
        "z": 0
      }
    },
    "texture": "d5b9dba5-b197-41ff-8b2a-ae7b99b469f3@6c48a",
    "packable": true,
    "pixelsToUnit": 100,
    "pivot": {
      "x": 0.5,
      "y": 0.5
    },
    "meshType": 0
  }
}